latitude,longitude,elevation,utc_offset_seconds,timezone,timezone_abbreviation
52.54833,13.407822,38.0,7200,Europe/Berlin,GMT+2

time,temperature_2m_max (°C),temperature_2m_min (°C),precipitation_sum (mm),windspeed_10m_max (km/h)
2024-01-01,7.4,3.4,1.80,19.7
2024-01-02,7.0,2.5,7.20,20.2
2024-01-03,10.6,7.3,12.10,27.8
2024-01-04,7.3,-2.3,2.90,33.1
2024-01-05,0.9,-0.7,5.30,21.3
2024-01-06,1.0,-1.8,1.30,18.4
2024-01-07,-0.4,-6.9,0.60,22.6
2024-01-08,-3.9,-9.2,0.00,21.9
2024-01-09,-4.1,-10.6,0.00,10.3
2024-01-10,-1.9,-8.9,0.00,9.3
2024-01-11,-0.3,-7.9,0.00,17.7
2024-01-12,0.4,-1.7,0.00,17.4
2024-01-13,2.2,0.5,1.70,28.9
2024-01-14,2.9,0.9,4.70,27.1
2024-01-15,2.2,-2.2,1.20,35.3
2024-01-16,1.1,-4.3,3.10,22.4
2024-01-17,-0.2,-4.6,1.90,15.6
2024-01-18,0.5,-4.9,0.50,13.2
2024-01-19,1.8,-5.2,0.00,24.5
2024-01-20,3.0,-1.7,0.00,26.6
2024-01-21,3.0,-4.9,0.00,28.2
2024-01-22,8.8,1.0,3.10,33.7
2024-01-23,7.5,2.5,0.30,30.7
2024-01-24,10.4,3.9,5.70,42.2
2024-01-25,8.3,5.4,0.20,36.4
2024-01-26,9.1,2.1,3.50,34.1
2024-01-27,6.7,1.6,0.00,28.7
2024-01-28,6.4,-2.3,0.00,14.0
2024-01-29,8.2,-0.2,0.00,15.0
2024-01-30,8.3,0.8,0.10,14.8
2024-01-31,7.6,1.6,0.00,21.8
2024-02-01,7.8,2.2,2.10,29.2
2024-02-02,7.7,3.8,1.00,29.6
2024-02-03,10.4,7.5,3.00,34.0
2024-02-04,8.4,5.3,0.40,31.0
2024-02-05,9.7,6.9,12.50,32.0
2024-02-06,10.3,8.0,1.20,36.1
2024-02-07,9.3,0.9,9.30,34.5
2024-02-08,4.8,-2.6,2.60,12.6
2024-02-09,7.9,0.9,13.40,23.4
2024-02-10,12.4,6.4,6.40,15.3
2024-02-11,10.2,6.0,4.60,17.9
2024-02-12,8.8,4.7,6.40,21.8
2024-02-13,8.2,2.4,0.10,20.2
2024-02-14,9.4,1.8,4.70,20.5
2024-02-15,13.3,8.4,0.20,16.3
2024-02-16,15.6,8.0,1.00,18.9
2024-02-17,12.2,6.2,3.00,23.8
2024-02-18,9.4,0.6,0.40,19.5
2024-02-19,8.6,6.7,6.50,29.4
2024-02-20,8.7,6.5,1.10,26.1
2024-02-21,10.7,6.3,2.00,26.6
2024-02-22,11.4,8.0,4.40,26.3
2024-02-23,11.1,4.0,0.90,30.2
2024-02-24,10.2,0.7,0.00,21.1
2024-02-25,11.3,0.7,0.00,18.7
2024-02-26,10.5,-0.6,0.00,17.6
2024-02-27,7.0,2.9,0.00,20.0
2024-02-28,5.3,-0.4,0.00,11.6
2024-02-29,9.3,-1.5,0.00,18.7
2024-03-01,12.1,3.4,0.00,11.9
2024-03-02,11.1,5.6,0.70,11.3
2024-03-03,13.3,6.2,0.00,18.7
2024-03-04,12.4,6.1,0.10,16.5
2024-03-05,8.0,1.2,0.20,18.5
2024-03-06,7.1,-1.2,0.20,14.5
2024-03-07,7.6,0.4,0.30,18.7
2024-03-08,7.6,-1.7,0.00,19.4
2024-03-09,9.3,-0.2,0.80,26.2
2024-03-10,11.9,3.1,0.00,29.6
2024-03-11,13.6,6.0,0.00,23.4
2024-03-12,13.4,3.6,0.00,13.4
2024-03-13,13.4,2.0,0.00,15.6
2024-03-14,14.3,7.6,0.30,15.1
2024-03-15,17.2,7.2,0.00,17.5
2024-03-16,12.3,5.6,1.40,24.4
2024-03-17,8.2,1.2,0.00,19.3
2024-03-18,6.0,-2.6,0.00,14.4
2024-03-19,8.6,-2.6,0.00,16.6
2024-03-20,15.9,1.3,0.00,10.7
2024-03-21,14.2,8.0,6.70,20.2
2024-03-22,13.0,6.6,4.60,19.5
2024-03-23,9.5,3.3,6.70,23.9
2024-03-24,6.4,1.7,6.70,26.6
2024-03-25,9.3,1.9,3.10,19.9
2024-03-26,12.9,0.3,0.00,23.1
2024-03-27,17.0,5.0,0.00,18.5
2024-03-28,13.4,6.6,1.40,34.0
2024-03-29,14.5,5.1,0.40,20.9
2024-03-30,21.7,7.6,0.30,13.8
2024-03-31,19.0,6.8,0.00,11.5
2024-04-01,19.4,8.5,0.00,31.3
2024-04-02,13.5,7.9,3.20,36.7
2024-04-03,11.5,8.3,5.30,25.6
2024-04-04,14.2,8.6,6.20,23.1
2024-04-05,18.8,9.0,2.40,27.3
2024-04-06,21.8,11.3,0.10,17.9
2024-04-07,22.1,13.3,0.00,16.7
2024-04-08,25.5,13.0,0.20,12.5
2024-04-09,25.5,12.4,0.20,28.9
2024-04-10,13.5,9.2,1.00,24.9
2024-04-11,15.7,6.0,0.00,20.9
2024-04-12,19.1,11.7,0.00,20.6
2024-04-13,21.0,11.8,0.00,23.8
2024-04-14,17.3,8.7,0.10,26.9
2024-04-15,13.2,7.3,4.20,20.2
2024-04-16,9.5,4.7,3.00,30.4
2024-04-17,10.4,2.4,0.90,14.8
2024-04-18,10.6,0.9,0.80,15.9
2024-04-19,7.7,4.6,6.10,26.5
2024-04-20,8.2,1.8,2.60,25.7
2024-04-21,8.2,-0.8,1.60,18.4
2024-04-22,6.2,-1.5,1.90,16.6
2024-04-23,8.2,-1.1,0.00,10.9
2024-04-24,10.5,2.8,0.50,14.8
2024-04-25,9.1,1.1,2.40,16.6
2024-04-26,13.2,1.9,0.10,20.9
2024-04-27,19.0,3.0,0.00,16.6
2024-04-28,22.5,9.5,0.00,18.1
2024-04-29,19.9,12.4,0.30,17.7
2024-04-30,26.4,11.4,0.00,19.5
2024-05-01,24.9,14.7,0.00,26.4
2024-05-02,24.2,14.9,0.00,25.8
2024-05-03,22.4,14.2,1.60,15.8
2024-05-04,19.1,11.0,0.00,14.3
2024-05-05,19.1,12.0,8.70,21.0
2024-05-06,18.5,8.4,0.00,15.9
2024-05-07,15.8,8.3,0.30,22.7
2024-05-08,17.6,8.4,0.00,17.2
2024-05-09,18.7,5.1,0.00,10.5
2024-05-10,20.9,9.8,0.00,9.4
2024-05-11,19.2,10.9,0.30,16.3
2024-05-12,20.0,9.3,0.00,18.1
2024-05-13,22.7,10.0,0.00,18.1
2024-05-14,24.1,12.0,0.00,22.1
2024-05-15,25.7,14.3,0.00,28.8
2024-05-16,25.5,14.8,0.00,32.9
2024-05-17,24.8,15.7,0.00,29.6
2024-05-18,20.8,12.7,0.40,20.5
2024-05-19,20.7,10.6,10.90,14.0
2024-05-20,19.8,11.2,11.90,14.8
2024-05-21,25.5,12.9,0.20,25.1
2024-05-22,25.6,16.2,11.80,24.9
2024-05-23,21.7,15.3,1.50,18.0
2024-05-24,23.2,13.9,8.00,16.4
2024-05-25,22.7,15.1,7.70,14.5
2024-05-26,23.6,13.8,0.20,17.3
2024-05-27,22.6,15.9,9.40,18.7
2024-05-28,17.9,12.0,10.60,18.0
2024-05-29,21.8,10.4,0.10,20.9
2024-05-30,21.0,13.1,9.80,14.6
2024-05-31,22.3,13.4,0.10,11.7
2024-06-01,24.6,15.0,0.40,20.4
2024-06-02,22.1,15.7,9.20,23.5
2024-06-03,17.4,13.0,0.20,17.6
2024-06-04,19.1,13.5,0.30,10.4
2024-06-05,20.2,11.9,2.30,22.5
2024-06-06,19.4,11.1,0.00,18.6
2024-06-07,19.5,11.8,0.20,16.9
2024-06-08,23.7,8.8,0.00,20.5
2024-06-09,20.7,10.4,0.00,23.4
2024-06-10,18.4,9.4,1.70,17.9
2024-06-11,17.0,10.2,2.90,31.7
2024-06-12,16.7,8.9,0.30,20.0
2024-06-13,17.4,8.1,0.40,15.5
2024-06-14,18.5,9.8,1.10,19.2
2024-06-15,21.7,12.9,2.80,26.6
2024-06-16,23.0,10.2,0.30,19.2
2024-06-17,24.0,14.2,1.80,18.5
2024-06-18,26.0,12.7,5.70,10.1
2024-06-19,19.5,13.6,2.00,18.4
2024-06-20,22.2,10.1,0.00,11.8
2024-06-21,27.5,15.2,5.50,17.2
2024-06-22,21.9,16.5,3.60,24.8
2024-06-23,21.6,14.8,0.00,22.5
2024-06-24,23.4,12.2,0.10,11.7
2024-06-25,25.7,14.2,0.00,18.8
2024-06-26,28.7,16.9,0.00,18.4
2024-06-27,28.9,20.4,13.10,12.5
2024-06-28,27.5,17.6,4.00,23.0
2024-06-29,28.8,14.6,0.10,16.0
2024-06-30,27.9,17.5,7.00,26.8
2024-07-01,21.2,14.3,7.90,22.5
2024-07-02,16.8,12.2,0.60,22.0
2024-07-03,17.5,12.4,0.50,18.5
2024-07-04,20.1,12.4,2.60,27.8
2024-07-05,20.4,10.8,0.00,25.6
2024-07-06,29.6,13.1,0.10,25.5
2024-07-07,22.3,14.7,0.00,22.7
2024-07-08,25.0,13.3,0.00,17.6
2024-07-09,30.6,18.1,0.00,17.0
2024-07-10,30.8,20.9,1.80,24.8
2024-07-11,25.7,18.5,7.10,11.2
2024-07-12,26.5,17.2,2.50,21.1
2024-07-13,23.4,14.3,3.10,23.1
2024-07-14,24.5,12.7,1.50,13.6
2024-07-15,29.0,16.0,0.00,11.9
2024-07-16,27.1,19.4,1.30,18.3
2024-07-17,23.7,15.7,0.10,22.8
2024-07-18,26.0,14.6,0.00,12.4
2024-07-19,28.4,15.5,0.00,12.7
2024-07-20,30.3,18.5,0.00,18.9
2024-07-21,32.2,18.7,0.80,16.2
2024-07-22,24.7,18.2,1.40,27.5
2024-07-23,27.3,13.2,2.00,17.3
2024-07-24,23.4,16.2,1.00,21.1
2024-07-25,23.0,12.9,0.00,13.4
2024-07-26,25.6,14.2,0.80,18.8
2024-07-27,23.3,18.2,9.50,12.0
2024-07-28,21.9,16.0,14.10,22.7
2024-07-29,23.1,13.1,0.00,19.1
2024-07-30,26.2,11.6,0.00,8.3
2024-07-31,28.4,15.2,0.00,13.3
2024-08-01,26.6,16.5,0.00,14.4
2024-08-02,21.0,16.8,0.00,14.8
2024-08-03,24.4,14.0,0.00,10.1
2024-08-04,22.8,17.1,7.50,19.6
2024-08-05,22.1,14.3,0.10,16.0
2024-08-06,25.0,12.3,0.00,11.6
2024-08-07,28.8,15.9,0.00,11.1
2024-08-08,23.4,16.9,0.50,17.5
2024-08-09,25.6,14.6,3.00,24.0
2024-08-10,26.2,15.5,0.10,20.5
2024-08-11,25.1,17.1,0.00,18.1
2024-08-12,26.8,12.8,0.00,10.4
2024-08-13,29.9,15.3,0.00,18.5
2024-08-14,32.9,19.0,1.10,19.9
2024-08-15,28.0,19.9,2.60,17.3
2024-08-16,29.1,17.1,0.00,21.5
2024-08-17,29.4,18.8,0.00,13.1
2024-08-18,24.6,16.6,0.10,17.9
2024-08-19,22.8,16.0,0.00,16.2
2024-08-20,27.2,13.2,0.00,14.8
2024-08-21,23.0,15.6,0.90,28.4
2024-08-22,24.7,14.2,0.00,20.7
2024-08-23,30.5,16.7,0.00,27.7
2024-08-24,31.8,17.1,0.00,23.0
2024-08-25,26.2,17.3,0.00,26.0
2024-08-26,25.0,15.3,0.00,10.2
2024-08-27,26.7,12.8,0.00,13.8
2024-08-28,30.2,16.3,0.00,19.1
2024-08-29,34.1,20.6,0.00,14.1
2024-08-30,28.0,17.7,2.30,18.8
2024-08-31,23.6,15.2,0.10,17.9
2024-09-01,24.7,13.7,0.80,16.4
2024-09-02,26.3,12.6,0.00,14.2
2024-09-03,32.5,18.1,0.10,16.6
2024-09-04,33.7,20.0,0.00,23.4
2024-09-05,30.8,21.5,0.00,31.8
2024-09-06,29.1,20.0,0.00,24.5
2024-09-07,30.9,16.8,0.00,16.7
2024-09-08,31.5,20.5,0.00,17.4
2024-09-09,24.7,15.7,7.50,28.9
2024-09-10,19.0,14.2,0.10,22.7
2024-09-11,17.0,11.9,0.50,27.0
2024-09-12,15.5,8.7,0.20,12.6
2024-09-13,15.0,9.1,6.70,23.2
2024-09-14,17.5,11.2,1.30,30.9
2024-09-15,18.1,9.2,0.00,26.0
2024-09-16,18.9,12.6,6.50,25.3
2024-09-17,24.7,14.0,0.00,19.5
2024-09-18,25.3,13.8,0.00,17.4
2024-09-19,23.7,14.6,0.10,22.0
2024-09-20,22.8,13.4,0.00,21.8
2024-09-21,22.9,10.9,0.00,15.6
2024-09-22,23.9,10.8,0.00,14.3
2024-09-23,24.2,9.4,0.00,10.7
2024-09-24,17.6,11.9,11.60,21.5
2024-09-25,19.1,12.9,2.70,20.1
2024-09-26,19.4,13.6,4.50,26.9
2024-09-27,19.4,14.1,1.40,32.4
2024-09-28,15.2,8.8,0.40,36.0
2024-09-29,14.2,5.9,0.00,16.7
2024-09-30,15.1,6.1,0.00,28.5
2024-10-01,13.2,8.4,10.80,24.4
2024-10-02,11.0,8.3,7.10,19.6
2024-10-03,14.1,9.5,4.40,22.7
2024-10-04,14.5,8.9,0.80,22.2
2024-10-05,14.4,8.0,0.10,14.7
2024-10-06,12.6,5.4,0.00,12.5
2024-10-07,16.0,6.5,0.10,15.2
2024-10-08,20.9,10.9,3.50,15.4
2024-10-09,19.3,13.3,10.50,21.4
2024-10-10,18.6,10.0,2.70,37.5
2024-10-11,12.6,5.8,0.20,17.1
2024-10-12,13.2,2.5,0.00,21.9
2024-10-13,11.8,9.5,3.70,36.2
2024-10-14,11.8,6.5,0.60,26.1
2024-10-15,12.0,4.9,0.00,13.0
2024-10-16,13.7,4.9,0.00,26.2
2024-10-17,16.1,8.2,0.00,22.7
2024-10-18,17.5,9.2,0.00,18.6
2024-10-19,18.6,10.1,0.00,19.3
2024-10-20,16.6,10.7,0.00,15.1
2024-10-21,18.8,13.7,3.10,17.1
2024-10-22,18.0,9.1,0.00,27.1
2024-10-23,14.5,6.8,0.00,11.3
2024-10-24,13.8,4.1,0.00,17.9
2024-10-25,16.4,7.7,0.00,14.7
2024-10-26,16.7,6.3,0.00,11.1
2024-10-27,15.7,8.5,0.10,22.5
2024-10-28,15.8,6.6,0.50,17.4
2024-10-29,14.5,11.9,0.50,16.4
2024-10-30,14.8,11.1,0.00,18.5
2024-10-31,14.3,9.1,0.00,21.9
2024-11-01,12.9,9.1,0.00,25.6
2024-11-02,11.8,2.1,0.30,19.6
2024-11-03,10.0,0.1,0.00,12.6
2024-11-04,10.9,6.2,0.00,13.0
2024-11-05,10.4,4.4,0.00,13.5
2024-11-06,6.4,1.7,0.00,7.6
2024-11-07,6.4,4.7,0.00,6.3
2024-11-08,6.6,3.4,0.00,19.4
2024-11-09,7.5,1.1,0.00,17.4
2024-11-10,3.5,-0.2,0.00,11.0
2024-11-11,7.7,1.1,0.40,11.2
2024-11-12,4.8,2.7,0.10,11.6
2024-11-13,7.8,3.4,0.60,11.6
2024-11-14,9.4,2.9,0.30,14.5
2024-11-15,9.1,4.6,0.10,14.6
2024-11-16,8.1,4.5,0.00,18.2
2024-11-17,7.4,4.3,3.70,22.2
2024-11-18,6.0,2.6,0.70,25.5
2024-11-19,9.4,1.5,26.30,24.3
2024-11-20,2.9,1.0,0.30,19.9
2024-11-21,3.1,-1.0,0.70,19.5
2024-11-22,2.8,-1.2,0.30,18.5
2024-11-23,4.6,-1.0,0.10,18.0
2024-11-24,12.0,3.4,11.40,23.2
2024-11-25,13.9,11.2,0.00,19.2
2024-11-26,11.4,6.3,1.90,14.1
2024-11-27,7.9,3.5,2.10,20.3
2024-11-28,8.9,4.9,10.60,26.6
2024-11-29,5.9,2.7,0.20,19.4
2024-11-30,4.7,1.0,0.00,11.3
2024-12-01,3.2,-1.8,0.00,13.2
2024-12-02,5.7,-0.7,0.00,13.7
2024-12-03,7.3,3.1,1.30,13.3
2024-12-04,4.9,2.3,0.10,10.4
2024-12-05,4.2,2.4,0.20,18.1
2024-12-06,6.7,2.7,9.40,19.6
2024-12-07,5.8,2.6,2.80,15.2
2024-12-08,4.7,3.4,1.90,14.2
2024-12-09,4.4,1.8,2.10,16.1
2024-12-10,3.8,2.3,0.10,15.7
2024-12-11,3.3,0.6,0.00,8.5
2024-12-12,2.9,0.8,0.00,5.2
2024-12-13,3.2,-1.3,0.00,12.5
2024-12-14,2.3,-2.3,1.40,18.6
2024-12-15,7.8,2.7,3.00,24.1
2024-12-16,10.6,8.3,1.20,27.4
2024-12-17,9.6,7.7,0.30,25.3
2024-12-18,11.3,4.8,0.70,21.5
2024-12-19,13.0,6.3,4.40,23.7
2024-12-20,6.0,3.1,0.20,22.0
2024-12-21,6.4,2.2,1.50,22.1
2024-12-22,6.7,3.1,3.90,22.9
2024-12-23,5.0,1.3,2.00,18.6
2024-12-24,4.7,1.0,0.00,16.4
2024-12-25,4.8,0.2,0.20,9.6
2024-12-26,6.5,4.8,0.50,6.6
2024-12-27,5.3,1.4,0.00,4.6
2024-12-28,1.2,-2.5,0.00,4.7
2024-12-29,1.5,-2.7,0.00,14.4
2024-12-30,3.5,1.4,0.00,18.6
2024-12-31,2.8,1.1,0.00,18.1
